{"cameraMode":{"drawMode":0,"name":"Shaded","section":"Shading Mode"},"sceneLighting":true,"audioPlay":false,"sceneViewState":{"showFog":true,"showMaterialUpdate":true,"showSkybox":true,"showFlares":true,"showImageEffects":true,"showParticleSystems":true},"in2DMode":false,"pivot":{"x":-28.118316650390626,"y":-0.8451642990112305,"z":14.398353576660157},"rotation":{"x":-0.18847142159938813,"y":0.17948158085346223,"z":-0.03505764901638031,"w":-0.9649019837379456},"size":18.689239501953126,"orthographic":false}