{"cameraMode":{"drawMode":0,"name":"Shaded","section":"Shading Mode"},"sceneLighting":false,"audioPlay":false,"sceneViewState":{"showFog":true,"showMaterialUpdate":true,"showSkybox":false,"showFlares":true,"showImageEffects":true,"showParticleSystems":true},"in2DMode":false,"pivot":{"x":-3.5999999046325685,"y":7.983741283416748,"z":8.164811134338379},"rotation":{"x":0.15430569648742677,"y":-0.5978974103927612,"z":0.11864873766899109,"w":0.7775802612304688},"size":12.858036041259766,"orthographic":false}