{"cameraMode":{"drawMode":0,"name":"Shaded","section":"Shading Mode"},"sceneLighting":true,"audioPlay":false,"sceneViewState":{"showFog":true,"showMaterialUpdate":true,"showSkybox":true,"showFlares":true,"showImageEffects":true,"showParticleSystems":true},"in2DMode":false,"pivot":{"x":-39.26593017578125,"y":2.5667614936828615,"z":0.25935089588165285},"rotation":{"x":-0.03479384258389473,"y":-0.6780121922492981,"z":0.032161153852939609,"w":-0.7335220575332642},"size":3.1153647899627687,"orthographic":false}