{"cameraMode":{"drawMode":0,"name":"Shaded","section":"Shading Mode"},"sceneLighting":true,"audioPlay":false,"sceneViewState":{"showFog":true,"showMaterialUpdate":true,"showSkybox":true,"showFlares":true,"showImageEffects":true,"showParticleSystems":true},"in2DMode":false,"pivot":{"x":-39.11597442626953,"y":2.568605661392212,"z":0.09372174739837647},"rotation":{"x":-0.03479384258389473,"y":-0.6780121922492981,"z":0.032161153852939609,"w":-0.7335220575332642},"size":15.090935707092286,"orthographic":false}