{"cameraMode":{"drawMode":0,"name":"Shaded","section":"Shading Mode"},"sceneLighting":true,"audioPlay":false,"sceneViewState":{"showFog":true,"showMaterialUpdate":true,"showSkybox":true,"showFlares":true,"showImageEffects":true,"showParticleSystems":true},"in2DMode":false,"pivot":{"x":3.2149999141693117,"y":1.2029999494552613,"z":-3.187999963760376},"rotation":{"x":-0.05485562980175018,"y":0.02337045781314373,"z":-0.0012841217685490847,"w":-0.9982199668884277},"size":7.604334831237793,"orthographic":false}